String,log CMC (uM),T_C
CCCCCCCCCCCCCCCCCC(=O)[O-].[Na+],3.25527250510331,30
CCCCCCCCCCCCCCCCCC(=O)[O-].[Na+],3.25527250510331,50
CCCCCCCCCCO[C@H]1[C@@H]([C@H]([C@@H]([C@H](O1)CO)O[C@@H]2[C@@H]([C@H]([C@@H]([C@H](O2)CO)O)O)O)O)O,3.38201704257487,15
CCCCCCCCCCO[C@H]1[C@@H]([C@H]([C@@H]([C@H](O1)CO)O[C@@H]2[C@@H]([C@H]([C@@H]([C@H](O2)CO)O)O)O)O)O,3.34242268082221,25
CCCCCCCCCCO[C@H]1[C@@H]([C@H]([C@@H]([C@H](O1)CO)O[C@@H]2[C@@H]([C@H]([C@@H]([C@H](O2)CO)O)O)O)O)O,3.31175386105575,35
CCCCCCCCCCO[C@H]1[C@@H]([C@H]([C@@H]([C@H](O1)CO)O[C@@H]2[C@@H]([C@H]([C@@H]([C@H](O2)CO)O)O)O)O)O,3.32221929473392,45
CCCCCCCCCCO[C@H]1[C@@H]([C@H]([C@@H]([C@H](O1)CO)O[C@@H]2[C@@H]([C@H]([C@@H]([C@H](O2)CO)O)O)O)O)O,3.35602585719312,55
CCCCCCCCCCO[C@H]1[C@@H]([C@H]([C@@H]([C@H](O1)CO)O[C@@H]2[C@@H]([C@H]([C@@H]([C@H](O2)CO)O)O)O)O)O,3.4099331233313,65
CCCCCCCCOCCOCCOCCO,3.8750612633917,25
CCCCCCCCOCCOCCOCCO,3.96848294855394,15
C(=O)(C(C(C(C(C(C(C(F)(F)F)(F)F)(F)F)(F)F)(F)F)(F)F)(F)F)[O-].[K+],4.45788189673399,25
C(=O)(C(C(C(C(C(C(C(F)(F)F)(F)F)(F)F)(F)F)(F)F)(F)F)(F)F)[O-].[K+],4.43775056282039,30
C(=O)(C(C(C(C(C(C(C(F)(F)F)(F)F)(F)F)(F)F)(F)F)(F)F)(F)F)[O-].[K+],4.42651126136458,35
C(=O)(C(C(C(C(C(C(C(F)(F)F)(F)F)(F)F)(F)F)(F)F)(F)F)(F)F)[O-].[K+],4.41995574848976,40
C(=O)(C(C(C(C(C(C(C(F)(F)F)(F)F)(F)F)(F)F)(F)F)(F)F)(F)F)[O-].[K+],4.42160392686983,45
C(=O)(C(C(C(C(C(C(C(F)(F)F)(F)F)(F)F)(F)F)(F)F)(F)F)(F)F)[O-].[K+],4.43136376415899,50
C(=O)(C(C(C(C(C(C(C(F)(F)F)(F)F)(F)F)(F)F)(F)F)(F)F)(F)F)[O-].[K+],4.4456042032736,55
C(=O)(C(C(C(C(C(C(C(F)(F)F)(F)F)(F)F)(F)F)(F)F)(F)F)(F)F)[O-].[K+],4.48713837547719,70
C(=O)(C(C(C(C(C(C(C(F)(F)F)(F)F)(F)F)(F)F)(F)F)(F)F)(F)F)[O-].[K+],4.54900326202579,85
CCCCCCOCCOCCOCCOCCOCCO,4.96614173273903,20
CCCCCCOCCOCCOCCOCCOCCO,4.983,25
CCCCCCCCCCCC[N+](C)(C)CC1=CC=CC=C1.[Br-],3.74429298312268,19.85
CCCCCCCCCCCC[N+](C)(C)CC1=CC=CC=C1.[Br-],3.79657433321043,29.85
CCCCCCCCCCCC[N+](C)(C)CC1=CC=CC=C1.[Br-],3.85003325768977,39.85
CCCCCCCCCCCC[N+](C)(C)CC1=CC=CC=C1.[Br-],3.74036268949424,15
CCCCCCCCCCCC[N+](C)(C)CC1=CC=CC=C1.[Br-],3.73239375982297,20
CCCCCCCCCCCC[N+](C)(C)CC1=CC=CC=C1.[Br-],3.74036268949424,25
CCCCCCCCCCCC[N+](C)(C)CC1=CC=CC=C1.[Br-],3.7481880270062,30
CCCCCCCCCCCC[N+](C)(C)CC1=CC=CC=C1.[Br-],3.76342799356294,35
CCCCCCCCCCCCCC(C)C1=CC=C(C=C1)S(=O)(=O)[O-].[Na+],2.49136169383427,40
CCCCCCCCCCCCCC(C)C1=CC=C(C=C1)S(=O)(=O)[O-].[Na+],2.69897000433602,32.6
CCCCCCCCCCCCCCCC(=O)NCCC[N+](C)(C)CCCCCCCCCCCCCCCC.[Br-],2.81358098856819,25
CCCCCCCCCCCCCCCC(=O)NCCC[N+](C)(C)CCCCCCCCCCCCCCCC.[Br-],2.51982799377572,40
CCCCCCCCCCCCCCCC(=O)NCCC[N+](C)(C)CCCCCCCCCCCCCCCC.[Br-],2.33243845991561,60
CCCCCCCCCCCCCC[NH3+].[Cl-],3.44715803134222,25
CCCCCCCCCCCCCC[NH3+].[Cl-],3.568201724067,30
CCCCCCCCCCCCCC[NH3+].[Cl-],3.49136169383427,40
CCCCCCCCCCCCCC[NH3+].[Cl-],3.65321251377534,60
CCCCCCCCOC(=O)CC(C(=O)OCCCCCCCC)S(=O)(=O)[O-].[Na+],2.95904139232109,25
CCCCCCCCOC(=O)CC(C(=O)OCCCCCCCC)S(=O)(=O)[O-].[Na+],2.80617997398389,30
CCCCCCCCCC(=O)[O-].[Na+],5.05307844348342,15
CCCCCCCCCC(=O)[O-].[Na+],5.0386201619497,20
CCCCCCCCCC(=O)[O-].[Na+],5.02530586526477,25
CCCCCCCCCC(=O)[O-].[Na+],5.01619735351244,30
CCCCCCCCCC(=O)[O-].[Na+],5.00860017176192,35
CCCCCCCCCC(=O)[O-].[Na+],5.00560944536028,40
CCCCCCCCCC(=O)[O-].[Na+],5.00860017176192,45
CCCCCCCCCC(=O)[O-].[Na+],5.01325866528352,50
CCCCCCCCCC(=O)[O-].[Na+],5.02448566769917,55
CCCCCCCCCCCCOCCOCCOCCOCCOCCO,1.80617997398389,25
CCCCCCCCCCCCOCCOCCOCCOCCOCCO,1.95424250943933,10
CCCCCCCCCCCCOCCOCCOCCOCCOCCO,1.77085201164214,40
CCCCCCCCCCCCOCCOCCOCCOCCOCCO,1.60205999132796,20
CCCCCCCCCCCCOCCOCCOCCOCCOCCO,1.75587485567249,23
CCCCCCCCCCCCCCCC[N+](C)(C)C.[Br-],2.98989456371877,19.85
CCCCCCCCCCCCCCCC[N+](C)(C)C.[Br-],3.04532297878666,29.85
CCCCCCCCCCCCCCCC[N+](C)(C)C.[Br-],3.08635983067475,39.85
CCCCCCCCCCOC(=O)CCS(=O)(=O)[O-].[Na+],4.11727129565576,40
CCCCCCCCCCOC(=O)CCS(=O)(=O)[O-].[Na+],4.04139268515823,30
CCCCCCCCCCO[C@H]1[C@@H]([C@H]([C@@H]([C@H](O1)CO)O)O)O,3.40312052117582,10
CCCCCCCCCCO[C@H]1[C@@H]([C@H]([C@@H]([C@H](O1)CO)O)O)O,3.32014628611105,20
CCCCCCCCCCO[C@H]1[C@@H]([C@H]([C@@H]([C@H](O1)CO)O)O)O,3.30749603791321,37
CCCCCCCCCCO[C@H]1[C@@H]([C@H]([C@@H]([C@H](O1)CO)O)O)O,3.32837960343874,50
CCCCCCCCCCCCCC[N+]1=CC=CC=C1.[Cl-],3.65321251377534,6
CCCCCCCCCCCCCC[N+]1=CC=CC=C1.[Cl-],3.54406804435028,25
CCCCCCCCCCCCCC[N+]1=CC=CC=C1.[Cl-],3.65321251377534,45
CC(C)(C)CC(C)(C)C1=CC=C(C=C1)OCCOCCOCCOCCO,2.12710479836481,15
CC(C)(C)CC(C)(C)C1=CC=C(C=C1)OCCOCCOCCOCCO,2.09691001300806,25
CC(C)(C)CC(C)(C)C1=CC=C(C=C1)OCCOCCOCCOCCO,2.11394335230684,35
CC(C)(C)CC(C)(C)C1=CC=C(C=C1)OCCOCCOCCOCCO,2.14921911265538,45
CC(C)(C)CC(C)(C)C1=CC=C(C=C1)OCCOCCOCCOCCO,2.20139712432045,55
CC(C)(C)CC(C)(C)C1=CC=C(C=C1)OCCOCCOCCOCCO,2.23552844690755,65
CC(C)(C)CC(C)(C)C1=CC=C(C=C1)OCCOCCOCCOCCO,2.28103336724773,75
CC(C)(C)CC(C)(C)C1=CC=C(C=C1)OCCOCCOCCOCCO,2.32837960343874,85
CCCCCCCCC=CCCCCCCCC(=O)[O-].[K+],2.90308998699194,25
CCCCCCCCC=CCCCCCCCC(=O)[O-].[K+],3.07918124604763,50
CCCCCCCCCCCCC(=O)OCCS(=O)(=O)[O-].[Na+],3.53147891704226,40
CCCCCCCCCCCCC(=O)OCCS(=O)(=O)[O-].[Na+],3.34242268082221,30
CCCCCCCCCCCCCOCCOCCOCCOCCOCCOCCOCCOCCO,1.47712125471966,25
CCCCCCCCCCCCCOCCOCCOCCOCCOCCOCCOCCOCCO,1.50514997831991,15
CCCCCCCCCCCCCOCCOCCOCCOCCOCCOCCOCCOCCO,1.30102999566398,40
CCCCCCCCCCCCCOCCOCCOCCOCCOCCOCCOCCOCCO,1.44715803134222,20
CCCCCCCCCCCCCOCCOCCOCCOCCOCCOCCOCCOCCO,1.43136376415899,30
CCCCCCCCCCCCN1C=C[N+](=C1)C.[Br-],3.96331551138611,25
CCCCCCCCCCCCN1C=C[N+](=C1)C.[Br-],4.00987563371216,35
CCCCCCCCCCCCN1C=C[N+](=C1)C.[Br-],4.04375512696868,45
CCCCCCCCC(C(=O)[O-])C(=O)[O-].[K+].[K+],5.47712125471966,20
CCCCCCCCC(C(=O)[O-])C(=O)[O-].[K+].[K+],5.54406804435028,25
CCCCCCCCCCCCCCCCCCOS(=O)(=O)[O-].[Na+],2.36361197989214,50
CCCCCCCCCCCCCCCCCCOS(=O)(=O)[O-].[Na+],2.47712125471966,40
CCCCCCCCCCCCOCCOS(=O)(=O)[O-].[Na+],3.5910646070265,25
CCCCCCCCCCCCOCCOS(=O)(=O)[O-].[Na+],3.67486114073781,10
CCCCCCCCCCCCOCCOS(=O)(=O)[O-].[Na+],3.6170003411209,40
CCCCCCCCCCCCOCCOS(=O)(=O)[O-].[Na+],3.67942789661212,50
C(=O)(C(C(C(C(C(C(F)(F)F)(F)F)(F)F)(F)F)(F)F)(F)F)[O-].[Na+],4.95530282276169,15
C(=O)(C(C(C(C(C(C(F)(F)F)(F)F)(F)F)(F)F)(F)F)(F)F)[O-].[Na+],4.93811926919431,20
C(=O)(C(C(C(C(C(C(F)(F)F)(F)F)(F)F)(F)F)(F)F)(F)F)[O-].[Na+],4.91603261018857,25
C(=O)(C(C(C(C(C(C(F)(F)F)(F)F)(F)F)(F)F)(F)F)(F)F)[O-].[Na+],4.90725008288133,30
C(=O)(C(C(C(C(C(C(F)(F)F)(F)F)(F)F)(F)F)(F)F)(F)F)[O-].[Na+],4.90151280912994,35
C(=O)(C(C(C(C(C(C(F)(F)F)(F)F)(F)F)(F)F)(F)F)(F)F)[O-].[Na+],4.8991088581934,40
C(=O)(C(C(C(C(C(C(F)(F)F)(F)F)(F)F)(F)F)(F)F)(F)F)[O-].[Na+],4.9022749204745,45
C(=O)(C(C(C(C(C(C(F)(F)F)(F)F)(F)F)(F)F)(F)F)(F)F)[O-].[Na+],4.91771551655949,54
C(=O)(C(C(C(C(C(C(F)(F)F)(F)F)(F)F)(F)F)(F)F)(F)F)[O-].[Na+],4.93580945380993,59.8
CCCCCCCCCCCCOCCOCCOCCO,1.79934054945358,10
CCCCCCCCCCCCOCCOCCOCCO,1.7481880270062,40
CCCCCCCCCCCCOCCOCCOCCO,1.7160033436348,25
CCCCCCCCCCCCC(=O)NC(C)C(=O)[O-].[Na+],3.97772360528885,25
CCCCCCCCCCCCC(=O)NC(C)C(=O)[O-].[Na+],3.99563519459755,35
CCCCCCCCCCCCC(=O)NC(C)C(=O)[O-].[Na+],3.9731278535997,45
CCCCCCCCCCCCC(=O)NC(C)C(=O)[O-].[Na+],3.92427928606188,55
CCCCCCCCCCCCC(=O)NC(C)C(=O)[O-].[Na+],3.79239168949825,65
CCCCCCCCS[C@H]1[C@@H]([C@H]([C@@H]([C@H](O1)CO)O)O)O,3.96848294855394,19.85
CCCCCCCCS[C@H]1[C@@H]([C@H]([C@@H]([C@H](O1)CO)O)O)O,3.92941892571429,24.85
CCCCCCCCS[C@H]1[C@@H]([C@H]([C@@H]([C@H](O1)CO)O)O)O,3.8750612633917,29.85
CCCCCCCCS[C@H]1[C@@H]([C@H]([C@@H]([C@H](O1)CO)O)O)O,3.83884909073726,34.85
CCCCCCCCS[C@H]1[C@@H]([C@H]([C@@H]([C@H](O1)CO)O)O)O,3.79239168949825,39.85
CCCCCCCCCCCCCC[N+](C)(C)CCCCS(=O)(=O)[O-],2.45178643552429,25
CCCCCCCCCCCCCC[N+](C)(C)CCCCS(=O)(=O)[O-],2.50379068305718,30
CCCCCCCCCCCCCC[N+](C)(C)CCCCS(=O)(=O)[O-],2.50105926221775,35
CCCCCCCCCCCCCC[N+](C)(C)CCCCS(=O)(=O)[O-],2.48572142648158,40
CCCCCCCCCCCCCC[N+](C)(C)CCCCS(=O)(=O)[O-],2.45788189673399,45
CCCCCCCCCC[N+](C)(C)CC(=O)[O-],4.32221929473392,20
CCCCCCCCCC[N+](C)(C)CC(=O)[O-],4.25527250510331,23
CCCCCCCCCCCCCCCC[N+](C)(C)CC1=CC=CC=C1.[Cl-],2.68304703823885,10
CCCCCCCCCCCCCCCC[N+](C)(C)CC1=CC=CC=C1.[Cl-],2.68124123737559,15
CCCCCCCCCCCCCCCC[N+](C)(C)CC1=CC=CC=C1.[Cl-],2.68574173860226,20
CCCCCCCCCCCCCCCC[N+](C)(C)CC1=CC=CC=C1.[Cl-],2.69284691927723,25
CCCCCCCCCCCCCCCC[N+](C)(C)CC1=CC=CC=C1.[Cl-],2.70842090013471,30
CCCCCCCCCCCCCCCC[N+](C)(C)CC1=CC=CC=C1.[Cl-],2.72591163229505,35
CCCCCCCCCCCCOCCOCCOCCOCCOCCOCCOCCO,1.90308998699194,23
CCCCCCCCCCCCOCCOCCOCCOCCOCCOCCOCCO,2.08278537031645,10
CCCCCCCCCCCCOCCOCCOCCOCCOCCOCCOCCO,1.91381385238372,25
CCCCCCCCCCCCOCCOCCOCCOCCOCCOCCOCCO,1.86332286012046,40
CCCCCCCCCCCCC1=CC=CC=C1S(=O)(=O)[O-].[K+],3.32428245529769,10
CCCCCCCCCCCCC1=CC=CC=C1S(=O)(=O)[O-].[K+],3.33845649360461,15
CCCCCCCCCCCCC1=CC=CC=C1S(=O)(=O)[O-].[K+],3.35218251811136,20
CCCCCCCCCCCCC1=CC=CC=C1S(=O)(=O)[O-].[K+],3.37657695705651,25
CCCCCCCCCCCCC1=CC=CC=C1S(=O)(=O)[O-].[K+],3.38381536598043,30
CCCCCCCCCCCCC1=CC=CC=C1S(=O)(=O)[O-].[K+],3.39794000867204,35
CCCCCCCCCCCCC1=CC=CC=C1S(=O)(=O)[O-].[K+],3.41664050733828,40
CCCCCCCCCC[N+](C)(C)C.[Cl-],5.03100428136354,5
CCCCCCCCCC[N+](C)(C)C.[Cl-],5.02118929906994,10
CCCCCCCCCC[N+](C)(C)C.[Cl-],4.98989456371877,15
CCCCCCCCCC[N+](C)(C)C.[Cl-],4.98136550907854,20
CCCCCCCCCC[N+](C)(C)C.[Cl-],4.97634997900327,25
CCCCCCCCCC[N+](C)(C)C.[Cl-],4.95616843047536,30
CCCCCCCCCC[N+](C)(C)C.[Cl-],4.93851972517649,35
CCCCCCCCCC[N+](C)(C)C.[Cl-],4.93651374247889,40
CCCCCCCCCC[N+](C)(C)C.[Cl-],4.94939000664491,45
CCCCCCCC/C=C\CCCCCCCC(=O)[O-].[Na+],3.32221929473392,25
CCCCCCCC/C=C\CCCCCCCC(=O)[O-].[Na+],3.54406804435028,50
CCCCCCCC/C=C\CCCCCCCC(=O)[O-].[Na+],3.50514997831991,60
CCCCCCCC/C=C\CCCCCCCC(=O)[O-].[Na+],3.47712125471966,40
CCCCCCCCCCCCOCCO,1.362,25
CCCCCCCCCCCCC(CCCCC)OS(=O)(=O)[O-].[Na+],2.85733249643127,40
CCCCCCCCCCCC[N+](C)(C)CCCC.[Br-],3.8750612633917,25
CCCCCCCO[C@@H]1[C@@H]([C@H]([C@H]([C@H](O1)CO)O)O)O,4.51188336097887,25
CCCCCCCCCC(=O)NC(CO)C(=O)O,3.84198480459011,25
C(C(=O)OCCCCCCC)C(C(=O)OCCCCCCC)CS(=O)(=O)[O-].[Na+],2.60205999132796,20
CCCCCCCCCCCCCC[N+](C)(C)[O-],2.43136376415899,27
CCCCCCCCCCCCOS(=O)(=O)[O-].[NH4+],3.78958071216443,25
CCCCCCCOCCOCCOCCOCCO,4.60205999132796,25
CCCCCCCCCCCCCCCCC(C(=O)OC)S(=O)(=O)[O-].[Na+],2.25527250510331,33
CCCCCCCCCCCC[N+](C)(C)CCCC(=O)[O-],3.66275783168157,25
CCCCCCCCC(CCO)O,3.35983548233989,25
CCCCCCCCCCCCCCNC(=O)COS(=O)(=O)[O-].[Na+],3.11394335230684,50
CCCCCCCCCCCCCCCOS(=O)(=O)[O-].[Na+],3.07918124604763,40
C(CCCNC(=O)OCCOCCC)(C(C(C(F)(F)F)(F)F)(F)F)(F)F,3.9912260756925,25
CCCCCCCCCCCC(=O)O[C@@]1([C@@H]([C@H]([C@@H]([C@H](O1)CO)O)O)O)[C@@]2([C@H]([C@@H]([C@H](O2)CO)O)O)CO,2.11394335230684,20
CCCCCCCCOCC(CO)O,3.76342799356294,25
CC(C)CCCC(C)CCO[C@H]1[C@@H]([C@H]([C@@H]([C@H](O1)CO)O)O)O,3.60205999132796,25
CCCCCCCCCCCCCCCC(=O)NC(C(=O)[O-])C(C)C.[Na+],3.27875360095283,25
CCCCCCCCCCCCCCCCC(C)OS(=O)(=O)[O-].[Na+],2.41497334797082,40
CCCCCCCCCCCCOCC[N+](C)(C)C.[Cl-],3.83250891270624,25
CCCCCCCCCC(=O)NC(C)C(=O)O,3.81424759573192,25
CCCCCCCO[C@H]1[C@@H]([C@H]([C@H]([C@H](O1)CO)O)O)O,4.24303804868629,25
CCCCCCCCCCCCC(=O)N(C)CC(O)C(O)C(O)C(O)CO,1.93951925261862,25
C(CSCCOCCOCCOCCO)C(C(C(C(C(C(F)(F)F)(F)F)(F)F)(F)F)(F)F)(F)F,3.44715803134222,25
CCCCCCCCCCCCCC(C)COS(=O)(=O)[O-].[Na+],2.90308998699194,40
CCCCCCCCCCCCOCCOS(=O)(=O)[O-].[NH4+],3.55630250076729,25
CCCCC(CC)COC(=O)CC(C(=O)OCC(CC)CCCC)S(=O)(=O)[O-].[Na+],3.39794000867204,25
CCCCCCCCCCCCOCCOCC[N+](C)(C)C.[Cl-],3.72427586960079,25
CCCCCCCCCC(=O)NCC(=O)[O-].[Na+],4.57978359661681,40
CCCCCCCCCCCCOC(=O)CC(O)C[N+](C)(C)C.[Br-],3.47421626407626,25
CCCCCCCCCCCCOCC[N+]1=CC=CC=C1.[Cl-],3.76342799356294,25
CCCCCCCCCCCCCCC(CCC)OS(=O)(=O)[O-].[Na+],2.65321251377534,40
CCCCC(CCCCCCCC)C1=CC=C(C=C1)S(=O)(=O)[O-].[Na+],2.88081359228079,30
CCCCC(CCC)COC(=O)CC(C(=O)OCC(CCC)CCCC)S(=O)(=O)[O-].[Na+],3.50242711998443,25
CCCCCCCCCCC(CCCCC)OS(=O)(=O)[O-].[Na+],3.37106786227174,40
CCCCCCCCCCCCCOCCOCCOCCOCCOCCO,1.69019608002851,25
CCCCCCCCCCCCOC(=O)C[N+](C)(C)C.[Br-],3.63848925695464,25
CCCCCCCCCCC=COS(=O)(=O)[O-].[Na+],4.20411998265593,25
CCCCCCCCCCCCOCCOCCOCCOCCOCCOCCOCCOCCOCCO,2,23
CCCCCCCCCC=CC(=O)OCC(COCC(COCC(COCC(COCC(COCC(CO)O)O)O)O)O)O,1.554,25
CCCCCC(=O)[O-].[K+],6.19033169817029,25
CCC(C)C(C)C(C)C(C)CCOCCOCCOCCOCCOCCOCCOCCOS(=O)(=O)[O-].[Na+],2.1430148002541,25
CCCCCCCCC(C(CCCCCCCC(=O)[O-])O)O.[Na+],3.8750612633917,60
CCCCCCCC/C=C\CCCCCCCC(=O)NCCOC[C@H]1[C@@H]([C@H]([C@@H]([C@H](O1)CO)O[C@@H]2[C@@H]([C@H]([C@@H]([C@H](O2)CO)O)O)O)O)O,1.95424250943933,25
CCCCCCCCCCCCCCOC(=O)C[N+](C)(C)C.[Br-],3.05690485133647,25
CCCCCCCCCCCC(=O)NC(CO)C(=O)O,3.20951501454263,25
CCCCCCCCCCCCOCCOCCOCCOCCOCCOCCOS(=O)(=O)[O-].[Na+],3.20411998265593,25
CCCCCCCCCCCCC[N+]1=CC=CC=C1.[Br-],3.72427586960079,25
CCCCCCCCCCCCCCCC(C)OS(=O)(=O)[O-].[Na+],2.69019608002851,40
CCCCCCCCCCCC[N+](C)(C)CCCCCCCC(=O)[O-],3.17609125905568,25
CCCCCCCO[C@@H]1[C@H]([C@H]([C@@H]([C@H](O1)CO)O)O)O,4.48572142648158,25
CCCCCCCCCCCC[N+](C)(C)CC1=CC=CC=C1.[Cl-],3.94448267215017,25
CCCCCCCCOCCO,3.69019608002851,25
CCCCCCCCCCCCCC(=O)O[C@@]1([C@@H]([C@H]([C@@H]([C@H](O1)CO)O)O)O)[C@@]2([C@H]([C@@H]([C@H](O2)CO)O)O)CO,1.41161970596323,20
CCCCCCCCCCOC(=O)CC(O)C[N+](C)(C)C.[Br-],4.10720996964787,25
CCCCCCCC(CCCCCCC)COS(=O)(=O)[O-].[Na+],3.47712125471966,40
CCCCCCCOCCOCCOCCO,4.30102999566398,25
CCCCCCCCCCCC(=O)N(CCCC)CC(=O)[O-].[Na+],3.35024801833416,25
CCCCCCCCCCCCCOCCOCCOCCOCCOCCOCCOCCOS(=O)(=O)[O-].[Na+],1.51851393987789,25
CCCCCCCCCCCCCC[N+](CC)(CC)CC.[Br-],3.49136169383427,25
CCCCCCCCCCCC(=O)N(C)CC(O)CO,2.36921585741014,25
CCCCCCCCCC[N+](C)(C)[O-],4.17609125905568,27
C(CCO)CO,5.76342799356294,22
[Li+].CCCCCCCCCCCCCCCCOS(=O)(=O)[O-],2.46239799789896,50
